Ruta;Descripcion;Resolucion;Tamaño;Tipo;Lista de tags;Perfil que actualizo;Ultima actualizacion
atardecer.jpg;Foto del campo;400,500;14;JPEG;#Atardecer,#Campo;Franco;1686603622.3826466
atardecer2.jpg;Tierra;400,500;29;JPEG;#Atardecer,#Cielo;Franco;1686653660.0082126
cascada3.jpg;Jungla;400,500;69;JPEG;#Cascada,#Agua;Eve;1686703691.8524017
espacio_estrellas.png;Cielo estrellado;225,225;8;JPEG;#Estrellas,#Noche;Franco;1686703728.124425
grafiti4.jpg;Grafiti;400,500;77;JPEG;#Arte,#Grafiti,#Dibujo;Franco;1686703764.3720677
perro_peludo.png;Perro facha;251,201;5;JPEG;#Blanquito,#Perro,#Pelo;Franco;1686703798.0331087
tattoo5.png;Tatuaje facha;400,500;29;JPEG;#Tatto;Franco;1686703819.7762613
craneo.png;Craneo tipico de mexico;2917,3750;1144;PNG;#Carneo,#Mexico;Fran;1686704060.2241733
paisaje2.png;Montañas;400,500;30;JPEG;#Carretera,#Montaña;Fran;1686704086.379319
perro.jpg;Perrito adentro de una taza;426,426;25;JPEG;#Perrito,#Bebe,#Taza;Fran;1686704115.70723
tattoo3.png;Tatto simple;320,469;17;WEBP;#Tatto,#Minimalista,#Flor;Fran;1686604144.7656007
atardecer3.jpeg;Atardecer en el mar;275,183;5;JPEG;#Mar,#Atardecer;Fran;1686404174.320048
grafiti3.jpg;Una pared pintada;400,500;57;JPEG;#Azul,#Arte,#Auto;Eve;1686704566.8152634
paisaje4.png;Vistas a la montaña;400,500;99;JPEG;#Paisaje,#Montañas,#Natural,#Carpa;Dylan777;1686704605.1601985
paisaje3.png;Frio;400,500;55;JPEG;#Montañas,#Frio;Eve;1686704910.069317
planeta.png;NASA;600,600;51;JPEG;#Planeta,#Espacio;Eve;1686704930.098213
luna.png;NASA;225,225;6;JPEG;#Space,#Espacio,#PixelArt;Josue;1686704961.8203893
cascada.jpg;Jungla;500,400;68;JPEG;#Agua,#Cascada,#Natural;Jouse;1686705104.1098976
grafiti2.jpg;Pasillo;400,500;76;JPEG;#Pintura,#Art;Jouse;1686705136.8067148
atardecer4.jpg;Locura;600,400;47;JPEG;#sun,#spring;Fran;1686723250.9796934
meteoritos.png;mi espacio;600,600;32;WEBP;#space;Eve;1686723266.1548014
nubes2.jpeg;;201,251;8;JPEG;#myhouse;Fran;1686723277.7284331
tatto4.png;;246,205;4;JPEG;#moon;Fran;1686723288.7337847
